{"cameraMode":{"drawMode":0,"name":"Shaded","section":"Shading Mode"},"sceneLighting":false,"audioPlay":false,"sceneViewState":{"m_AlwaysRefresh":false,"showFog":true,"showSkybox":false,"showFlares":true,"showImageEffects":true,"showParticleSystems":true,"showVisualEffectGraphs":true,"m_FxEnabled":true},"in2DMode":false,"pivot":{"x":-1.6803679466247559,"y":1.6915130615234376,"z":0.02295742556452751},"rotation":{"x":0.05832163989543915,"y":0.9415421485900879,"z":-0.24273309111595155,"w":0.2262250781059265},"size":2.4668684005737306,"orthographic":false}